document_info.title,document_info.abstract_preview,term_analysis.bmi_adiposity.present,term_analysis.bmi_adiposity.locations,term_analysis.bmi_adiposity.variations_found,term_analysis.mendelian_randomisation.present,term_analysis.mendelian_randomisation.locations,term_analysis.mendelian_randomisation.variations_found,term_analysis.cardiovascular.present,term_analysis.cardiovascular.locations,term_analysis.cardiovascular.variations_found,term_analysis.european_ancestry.present,term_analysis.european_ancestry.locations,term_analysis.european_ancestry.variations_found,score.value,score.breakdown.bmi_adiposity,score.breakdown.mendelian_randomisation,score.breakdown.cardiovascular,score.breakdown.european_ancestry,score.justification
The causal role of elevated uric acid and waist circumference on the risk of metabolic syndrome components,BACKGROUND/OBJECTIVES: Hyperuricemia has been foun...,True,['abstract'],['waist circumference'],True,['abstract'],['Mendelian randomization'],True,['abstract'],"['systolic blood pressure', 'diastolic blood pressure']",False,[],[],3,True,True,True,False,"Three of the four term categories were present in the abstract, but there was no mention of European or related ancestry terms."
Exploring the Relationship Between Schizophrenia and Cardiovascular Disease: A Genetic Correlation and Multivariable Mendelian Randomization Study,Individuals with schizophrenia have a reduced life...,True,['abstract'],['body mass index'],True,"['title', 'abstract']","['Mendelian Randomization', 'multivariable MR']",True,"['title', 'abstract']","['Cardiovascular Disease', 'CVD', 'systolic blood pressure']",False,[],[],3,True,True,True,False,"Three of the four term categories are present in the document, resulting in a score of 3."
Causal effect of alcohol use on the risk of end-stage kidney disease and related comorbidities: a Mendelian randomization study,BACKGROUND: An inverse observational association b...,False,[],[],True,"['title', 'abstract']",['Mendelian randomization'],True,['abstract'],['hypertension'],True,['abstract'],['white British ancestry'],3,False,True,True,True,"Three out of the four term categories are present, leading to a score of 3."
Human genetic determinants of the gut microbiome and their associations with health and disease: a phenome-wide association study,Small-scale studies have suggested a link between ...,True,['abstract'],['BMI'],True,['abstract'],['Mendelian randomization'],True,['abstract'],['hypertension'],True,['abstract'],['UK Biobank'],4,True,True,True,True,"All four term categories are present in the abstract, thus achieving the highest relevance score."
The effect of elevated body mass index on ischemic heart disease risk: causal estimates from a Mendelian randomisation approach,"BACKGROUND: Adiposity, assessed as elevated body m...",True,"['title', 'abstract']","['elevated body mass index', 'Adiposity', 'BMI']",True,"['title', 'abstract']",['Mendelian randomisation'],True,"['title', 'abstract']","['ischemic heart disease', 'IHD']",True,['abstract'],['Copenhagen'],4,True,True,True,True,"All four term categories are present in the document, with specific terms found in both the title and abstract, thus achieving the highest relevance score."
A Novel Method for Mendelian Randomization Analyses With Pleiotropy and Linkage Disequilibrium in Genetic Variants From Individual Data,Mendelian randomization makes use of genetic varia...,True,['abstract'],['body mass index'],True,"['title', 'abstract']","['Mendelian Randomization', 'Mendelian randomization']",True,['abstract'],['systolic blood pressure'],False,[],[],3,True,True,True,False,"Three out of the four term categories were present in the document, resulting in a score of 3."
Obesity and peripheral arterial disease: A Mendelian Randomization analysis,BACKGROUND AND AIMS: Observational studies showed ...,True,['abstract'],['BMI'],True,"['title', 'abstract']","['Mendelian Randomization', 'Mendelian Randomization']",True,['abstract'],['hypertension'],False,[],[],3,True,True,True,False,"Three out of the four term categories are present in the document, resulting in a score of 3."
Association of Body Mass Index With Cardiometabolic Disease in the UK Biobank: A Mendelian Randomization Study,Importance: Higher body mass index (BMI) is a risk...,True,"['title', 'abstract']","['Body Mass Index', 'BMI']",True,"['title', 'abstract']",['Mendelian Randomization'],True,"['title', 'abstract']","['hypertension', 'coronary heart disease', 'systolic blood pressure', 'diastolic blood pressure']",False,[],[],3,True,True,True,False,"Three of the four term categories are present (BMI/adiposity, Mendelian randomisation, and cardiovascular disease), but there is no mention of European/white/Caucasian ancestry."
"The Role of Obesity, Type 2 Diabetes, and Metabolic Factors in Pancreatic Cancer: A Mendelian Randomization Study",Background: Risk factors for pancreatic cancer inc...,True,['abstract'],['body mass index (BMI)'],True,"['title', 'abstract']","['Mendelian Randomization', 'Mendelian randomization (MR)']",True,['abstract'],['hypertension'],False,[],[],3,True,True,True,False,"Three out of the four required term categories are present, but there is no mention of European or white ancestry."
Understanding Factors That Cause Tinnitus: A Mendelian Randomization Study in the UK Biobank,OBJECTIVES: To investigate the causal role of esta...,True,['abstract'],['high BMI'],True,"['title', 'abstract']",['Mendelian Randomization'],True,['abstract'],['higher blood pressure'],True,['abstract'],['European descent'],4,True,True,True,True,"All four term categories are present in the document, thus achieving the highest relevance score."
Genetic analysis of obstructive sleep apnoea discovers a strong association with cardiometabolic health,There is currently limited understanding of the ge...,True,['abstract'],['body mass index (BMI)'],True,['abstract'],['Mendelian randomisation'],True,['abstract'],['hypertension'],False,[],[],3,True,True,True,False,"Three out of four term categories are present, but there is no mention of European or white ancestry."
"Association of lactase persistence genotype with milk consumption, obesity and blood pressure: a Mendelian randomization study in the 1982 Pelotas (Brazil) Birth Cohort, with a systematic review and meta-analysis",BACKGROUND: Milk intake has been associated with l...,True,"['title', 'abstract']","['obesity', 'BMI']",True,"['title', 'abstract']",['Mendelian randomization'],True,"['title', 'abstract']",['blood pressure'],False,[],[],3,True,True,True,False,"Three out of the four term categories are present in the document, hence a score of 3 is assigned."
Metabolic and lifestyle factors in relation to senile cataract: a Mendelian randomization study,We conducted a Mendelian randomization study to de...,True,['abstract'],['body mass index (BMI)'],True,"['title', 'abstract']",['Mendelian randomization'],True,['abstract'],['systolic blood pressure (SBP)'],True,['abstract'],['FinnGen consortium'],4,True,True,True,True,"All four term categories are present in the document, thus achieving the highest relevance score."
Association of Serum Uric Acid with Metabolic Syndrome and Its Components: A Mendelian Randomization Analysis,BACKGROUND: The role of uric acid on metabolic syn...,False,[],[],True,"['title', 'abstract']","['Mendelian Randomization', 'Mendelian randomization']",True,['abstract'],['cardiovascular disease'],False,[],[],3,False,True,True,False,"Three term categories are present: Mendelian randomisation and cardiovascular disease are found in the abstract, but no terms related to BMI/adiposity or European ancestry are mentioned."
Impact of comorbidities on gout and hyperuricaemia: an update on prevalence and treatment options,"Gout, the most prevalent inflammatory arthritis wo...",False,[],[],True,['abstract'],['Mendelian randomisation'],True,['abstract'],['cardiovascular'],False,[],[],0,False,True,True,False,"Two out of the four term categories were identified in the abstract, resulting in a score of 0."
Can increasing years of schooling reduce type 2 diabetes (T2D)?: Evidence from a Mendelian randomization of T2D and 10 of its risk factors,A focus in recent decades has involved examining t...,True,['abstract'],['being overweight'],True,"['title', 'abstract']",['Mendelian randomization'],True,['abstract'],['higher blood pressure'],False,[],[],3,True,True,True,False,"Three out of four term categories are present, which results in a score of 3."
"Genetic Association of Waist-to-Hip Ratio With Cardiometabolic Traits, Type 2 Diabetes, and Coronary Heart Disease","Importance: In observational studies, abdominal ad...",True,['abstract'],"['body mass index (BMI)', 'abdominal adiposity']",True,['abstract'],['mendelian randomization'],True,"['title', 'abstract']","['Coronary Heart Disease', 'CHD']",True,['abstract'],['UK Biobank'],4,True,True,True,True,"All four term categories are present in the document, thus achieving the highest relevance score."
Evidence of a causal relationship between high serum adiponectin levels and increased cardiovascular mortality rate in patients with type 2 diabetes,BACKGROUND: Despite its beneficial role on insulin...,True,['abstract'],['BMI'],True,['abstract'],['Mendelian randomization'],True,"['title', 'abstract']","['cardiovascular mortality', 'cardiovascular mortality rate']",False,[],[],3,True,True,True,False,"Three out of the four term categories are present, but there is no mention of European or white ancestry, resulting in a score of 3."
Association of cardiovascular risk factors and lifestyle behaviors with aortic aneurysm: A Mendelian randomization study,Objective: To examine the causality between hypert...,True,['abstract'],['body mass index (BMI)'],True,"['title', 'abstract']","['Mendelian randomization', 'Mendelian randomization (MR)']",True,"['title', 'abstract']","['cardiovascular risk factors', 'hypertension']",True,['abstract'],['European ancestry'],4,True,True,True,True,"All four term categories are present in the document, thus achieving the highest relevance score."
Risk factors mediating the effect of body mass index and waist-to-hip ratio on cardiovascular outcomes: Mendelian randomization analysis,BACKGROUND: Higher body mass index (BMI) and waist...,True,"['title', 'abstract']","['body mass index', 'BMI']",True,"['title', 'abstract']",['Mendelian randomization'],True,"['title', 'abstract']","['cardiovascular disease', 'cardiovascular']",True,['abstract'],['European ancestry'],4,True,True,True,True,"All four term categories are present in the document, thus achieving the highest relevance score."
Type 2 Diabetes Is Causally Associated With Reduced Serum Osteocalcin: A Genomewide Association and Mendelian Randomization Study,Recent advances indicate that bone and energy meta...,True,['abstract'],['body mass index (BMI)'],True,"['title', 'abstract']","['Mendelian Randomization', 'Mendelian randomization']",True,['abstract'],['diastolic blood pressure (DBP)'],False,[],[],3,True,True,True,False,"Three of the four term categories are present in the document, leading to a score of 3."
Alcohol consumption and electrocardiographic left ventricular hypertrophy and mediation by elevated blood pressure in older Chinese men: the Guangzhou Biobank Cohort Study,BACKGROUND: Chinese people have a markedly lower a...,True,['abstract'],['body mass index'],True,['abstract'],['Mendelian randomization'],True,"['title', 'abstract']",['elevated blood pressure'],False,[],[],3,True,True,True,False,"Three out of the four term categories are present in the document, which results in a score of 3."
"Genetically, Dietary Sodium Intake Is Causally Associated with Salt-Sensitive Hypertension Risk in a Community-Based Cohort Study: a Mendelian Randomization Approach",PURPOSE OF REVIEW: Excessive dietary salt intake i...,True,['abstract'],['body mass index'],True,"['title', 'abstract']","['Mendelian Randomization', 'Mendelian randomization']",True,['abstract'],['cardiovascular disease'],False,[],[],3,True,True,True,False,"Three out of the four term categories are present, but there is no mention of European or white ancestry."
Causal association of body mass index with hypertension using a Mendelian randomization design,Observational studies have shown that obesity is a...,True,"['title', 'abstract']","['body mass index', 'obesity', 'BMI']",True,"['title', 'abstract']","['Mendelian randomization', 'Mendelian randomization (MR)']",True,"['title', 'abstract']",['hypertension'],False,[],[],3,True,True,True,False,"Three out of the four term categories are present in the document, missing only the European ancestry category."
Using genetics to detangle the relationships between red cell distribution width and cardiovascular diseases: a unique role for body mass index,OBJECTIVE: Red cell distribution width (RDW) is an...,True,"['title', 'abstract']",['body mass index'],True,['abstract'],['Mendelian randomisation'],True,"['title', 'abstract']","['cardiovascular diseases', 'CVDs', 'cardiovascular phenome', 'common CVDs']",False,[],[],3,True,True,True,False,"Three out of four term categories are present (BMI/adiposity, Mendelian randomisation, and cardiovascular terms), but there is no mention of European ancestry."
Causal associations of body mass index and waist-to-hip ratio with cardiometabolic traits among Chinese children: A Mendelian randomization study,BACKGROUND AND AIMS: Body mass index (BMI) and wai...,True,"['title', 'abstract']","['body mass index', 'BMI']",True,"['title', 'abstract']",['Mendelian randomization'],True,['abstract'],['blood pressure'],True,['abstract'],['European populations'],4,True,True,True,True,"All four term categories are present in the document, thus achieving the highest relevance score."
Phenome-wide investigation of the causal associations between childhood BMI and adult trait outcomes: a two-sample Mendelian randomization study,BACKGROUND: Childhood obesity is reported to be as...,True,"['title', 'abstract']","['childhood BMI', 'adult BMI']",True,"['title', 'abstract']",['Mendelian randomization'],True,['abstract'],"['coronary artery disease', 'essential hypertension']",False,[],[],3,True,True,True,False,"Three out of the four term categories are present, but there is no mention of European or white ancestry, leading to a score of 3."
Genetic Evidence for Different Adiposity Phenotypes and Their Opposing Influences on Ectopic Fat and Risk of Cardiometabolic Disease,To understand the causal role of adiposity and ect...,True,"['title', 'abstract']",['adiposity'],True,['abstract'],['Mendelian randomization'],True,"['title', 'abstract']","['cardiometabolic diseases', 'cardiometabolic disease', 'heart disease', 'hypertension']",True,['abstract'],['UK Biobank'],4,True,True,True,True,"All four term categories are present in the document, thus achieving the highest relevance score."
Modifiable Risk Factors for Intracranial Aneurysm and Aneurysmal Subarachnoid Hemorrhage: A Mendelian Randomization Study,Background The aim of this study was to assess the...,True,['abstract'],['body mass index'],True,"['title', 'abstract']","['Mendelian Randomization', 'Mendelian randomization']",True,['abstract'],['high blood pressure'],False,[],[],3,True,True,True,False,"Three out of the four term categories were present in the document, hence a score of 3 is assigned."
The influence of obesity-related factors in the etiology of renal cell carcinoma-A mendelian randomization study,BACKGROUND: Several obesity-related factors have b...,True,['abstract'],"['body mass index', 'waist-to-hip ratio', 'body fat percentage']",True,"['title', 'abstract']","['mendelian randomization', 'MR']",True,['abstract'],['diastolic blood pressure'],False,[],[],3,True,True,True,False,"Three out of four term categories are present, but there is no mention of European or white ancestry."
The association between mitochondrial DNA abundance and stroke: A combination of multivariable-adjusted survival and Mendelian randomization analyses,BACKGROUND AND AIMS: Mitochondrial dysfunction is ...,True,['abstract'],['BMI'],True,"['title', 'abstract']","['Mendelian randomization', 'Mendelian Randomization', 'MR']",True,['abstract'],"['ischemic stroke', 'hemorrhagic stroke']",True,['abstract'],['European-ancestry'],4,True,True,True,True,"All four term categories are present in the document, thus achieving the maximum relevance score."
Polygenic risk score identifies associations between sleep duration and diseases determined from an electronic medical record biobank,STUDY OBJECTIVES: We aimed to detect cross-section...,True,['abstract'],['obesity'],True,['abstract'],['Mendelian randomization'],True,['abstract'],['hypertension'],False,[],[],3,True,True,True,False,"Three out of the four term categories were identified in the abstract, leading to a score of 3."
Interaction-based Mendelian randomization with measured and unmeasured gene-by-covariate interactions,Studies leveraging gene-environment (GxE) interact...,True,['abstract'],['body mass index (BMI)'],True,"['title', 'abstract']","['Mendelian randomization', 'Mendelian randomization (MR)']",True,['abstract'],['systolic blood pressure (SBP)'],True,['abstract'],['UK Biobank'],4,True,True,True,True,"All four term categories are present in the document, thus achieving the highest relevance score."
BMI Is Causally Associated With Pulmonary Artery Pressure But Not Hemodynamic Evidence of Pulmonary Vascular Remodeling,BACKGROUND: There is an unclear relationship of ob...,True,"['title', 'abstract']",['BMI'],True,['abstract'],['Mendelian randomization'],False,[],[],False,[],[],0,True,True,False,False,"Two term categories (BMI/adiposity and Mendelian randomisation) are present, while cardiovascular disease and European ancestry are absent."
Contribution of metabolic risk factors and lifestyle behaviors to cardiovascular disease: A mendelian randomization study,BACKGROUND AND AIMS: Etiologic associations betwee...,True,['abstract'],['body mass index'],True,"['title', 'abstract']","['Mendelian randomization', 'Mendelian randomization (MR)']",True,"['title', 'abstract']","['cardiovascular disease', 'CVD']",False,[],[],3,True,True,True,False,"Three out of four term categories are present, which results in a score of 3."
Exploring causal associations between alcohol and coronary heart disease risk factors: findings from a Mendelian randomization study in the Copenhagen General Population Study,AIMS: To explore the causal effect of long-term al...,True,['abstract'],['body mass index (BMI)'],True,['title'],['Mendelian randomization'],True,['title'],['coronary heart disease'],False,[],[],3,True,True,True,False,"Three out of the four term categories are present, resulting in a score of 3."
A multi-omics study of circulating phospholipid markers of blood pressure,High-throughput techniques allow us to measure a w...,True,['abstract'],['body mass index'],True,['abstract'],['Mendelian Randomization'],True,['abstract'],"['hypertension', 'systolic blood pressure', 'diastolic blood pressure', 'incident hypertension']",True,['abstract'],['European'],4,True,True,True,True,"All four term categories are present in the abstract, hence the highest score of 4 is awarded."
"Birthweight, Type 2 Diabetes Mellitus, and Cardiovascular Disease: Addressing the Barker Hypothesis With Mendelian Randomization",BACKGROUND: Low birthweight has been associated wi...,True,['abstract'],"['adult body mass index', 'body fat']",True,"['title', 'abstract']",['Mendelian Randomization'],True,"['title', 'abstract']","['Cardiovascular Disease', 'cardiovascular disease', 'coronary artery disease']",True,['abstract'],['UK Biobank'],4,True,True,True,True,"All four term categories are present in the document, with each term found in either the title or abstract, thus achieving the highest relevance score."
Causal Effect of Adiposity Measures on Blood Pressure Traits in 2 Urban Swedish Cohorts: A Mendelian Randomization Study,Background Different adiposity traits may be causa...,True,"['title', 'abstract']","['Adiposity Measures', 'adiposity traits', 'body mass index']",True,"['title', 'abstract']",['Mendelian Randomization'],True,['abstract'],"['hypertension', 'blood pressure', 'BP', 'systolic BP', 'diastolic BP']",False,[],[],3,True,True,True,False,"Three term categories (bmi_adiposity, mendelian_randomisation, cardiovascular) are present, but european_ancestry is absent."
High-Density Lipoprotein 3 Cholesterol and Primary Open-Angle Glaucoma: Metabolomics and Mendelian Randomization Analyses,PURPOSE: We hypothesized that the effect of blood ...,True,['abstract'],['body mass index'],True,"['title', 'abstract']",['Mendelian Randomization'],True,['abstract'],['systolic blood pressure'],False,[],[],3,True,True,True,False,"Three out of the four term categories are present in the document, resulting in a score of 3."
The role of adiposity in cardiometabolic traits: a Mendelian randomization analysis,BACKGROUND: The association between adiposity and ...,True,"['title', 'abstract']","['adiposity', 'BMI']",True,"['title', 'abstract']",['Mendelian randomization'],True,['abstract'],"['hypertension', 'systolic and diastolic blood pressure']",True,['abstract'],['European descent'],4,True,True,True,True,"All four term categories are present in the document, thus achieving the highest relevance score."
Obesity increases the risk of cardiovascular disease,"Evidence from epidemiology, randomized interventio...",False,[],[],True,['abstract'],['Mendelian randomization'],True,"['title', 'abstract']",['cardiovascular disease'],False,[],[],3,False,True,True,False,"Three term categories are present: Mendelian randomisation, cardiovascular disease. No terms related to BMI/adiposity or European ancestry were found."
Systematic evaluation of the association between hemoglobin levels and metabolic profile implicates beneficial effects of hypoxia,Activation of the hypoxia-inducible factor (HIF) p...,True,['abstract'],"['body mass index', 'adiposity']",True,['abstract'],['Mendelian randomization'],True,['abstract'],"['blood pressure', 'systolic blood pressure']",False,[],[],3,True,True,True,False,"Three out of four term categories are present in the abstract, resulting in a score of 3."
Lifestyle and metabolic factors for nonalcoholic fatty liver disease: Mendelian randomization study,The risk factors for nonalcoholic fatty liver dise...,True,['abstract'],['body mass index (BMI)'],True,"['title', 'abstract']","['Mendelian randomization', 'Mendelian randomization (MR)']",True,['abstract'],['systolic blood pressure'],False,[],[],3,True,True,True,False,"Three out of the four term categories are present, but there is no mention of European or white ancestry, resulting in a score of 3."
A phenome-wide bidirectional Mendelian randomization analysis of atrial fibrillation,BACKGROUND: The prevalence of atrial fibrillation ...,True,['abstract'],['body mass index'],True,"['title', 'abstract']","['Mendelian randomization', 'MR']",True,['abstract'],['systolic blood pressure'],False,[],[],3,True,True,True,False,"Three out of the four term categories were identified in the text, thus scoring 3 points."
Causal effects of cardiovascular risk factors on onset of major age-related diseases: A time-to-event Mendelian randomization study,BACKGROUNDS: Elucidating the causal effects of com...,True,['abstract'],['body mass index (BMI)'],True,"['title', 'abstract']",['Mendelian randomization'],True,['abstract'],['cardiovascular diseases (CVD)'],False,[],[],3,True,True,True,False,"Three out of the four term categories were present in the document, leading to a score of 3."
Revisiting the Alcohol Consumption Association With Age-Related Macular Degeneration: What Should We Tell Patients in 2021?,N/A...,False,[],[],False,[],[],False,[],[],False,[],[],-4,False,False,False,False,None of the specified term categories are present in the title or abstract.
"Robust Mendelian randomization in the presence of residual population stratification, batch effects and horizontal pleiotropy",Mendelian Randomization (MR) studies are threatene...,True,['abstract'],['body mass index'],True,"['title', 'abstract']","['Mendelian randomization', 'Mendelian Randomization']",True,['abstract'],['diastolic blood pressure'],False,[],[],3,True,True,True,False,"Three out of the four term categories are present in the document, leading to a score of 3."
Negative Effects of Age at Menarche on Risk of Cardiometabolic Diseases in Adulthood: A Mendelian Randomization Study,CONTEXT: Observational studies have demonstrated t...,True,['abstract'],"['adiposity', 'adult body mass index (BMI)']",True,"['title', 'abstract']","['Mendelian Randomization', 'Mendelian randomization (MR)']",True,"['title', 'abstract']","['cardiometabolic diseases', 'diastolic blood pressure']",False,[],[],3,True,True,True,False,"Three of the four term categories are present, but there is no mention of European or white ancestry, resulting in a score of 3."
"Genetically driven adiposity traits increase the risk of coronary artery disease independent of blood pressure, dyslipidaemia, glycaemic traits",Adiposity has been associated with the risk of cor...,True,"['title', 'abstract']","['adiposity traits', 'adiposity', 'body mass index (BMI)']",True,['abstract'],['Mendelian randomization'],True,"['title', 'abstract']","['coronary artery disease', 'CAD']",False,[],[],3,True,True,True,False,"Three out of four term categories are present, but there is no mention of European or white ancestry."
A data-driven approach for studying the role of body mass in multiple diseases: a phenome-wide registry-based case-control study in the UK Biobank,BACKGROUND: Mendelian randomisation allows for the...,True,"['title', 'abstract']","['body mass', 'high body-mass index (BMI)', 'BMI']",True,['abstract'],"['Mendelian randomisation', 'mendelian randomisation']",True,['abstract'],['hypertension'],True,['abstract'],['white British'],4,True,True,True,True,"All four term categories are present in the document, thus achieving the highest relevance score."
Genetic studies of abdominal MRI data identify genes regulating hepcidin as major determinants of liver iron concentration,BACKGROUND & AIMS: Excess liver iron content is co...,True,['abstract'],['higher central obesity'],True,['abstract'],['Mendelian randomisation'],True,['abstract'],['high blood pressure'],True,['abstract'],['European'],4,True,True,True,True,"All four term categories are present in the abstract, leading to the highest relevance score."
"Coffee intake and risk of obesity, metabolic syndrome and type 2 diabetes: a Mendelian randomization study",BACKGROUND: Coffee is one of the most widely consu...,True,['abstract'],['body mass index'],True,"['title', 'abstract']",['Mendelian randomization'],True,['abstract'],['systolic/diastolic blood pressure'],False,[],[],3,True,True,True,False,"Three out of the four term categories are present, but there is no mention of European or white ancestry, resulting in a score of 3."
Identifying shared genetic loci between coronavirus disease 2019 and cardiovascular diseases based on cross-trait meta-analysis,People with coronavirus disease 2019 (COVID-19) ha...,True,['abstract'],['obesity'],True,['abstract'],['Mendelian randomization'],True,"['title', 'abstract']","['cardiovascular diseases', 'cardiovascular disorders', 'CVD']",False,[],[],3,True,True,True,False,"Three out of four term categories are present, but there is no mention of European or white ancestry."
Association of plasma uric acid with ischaemic heart disease and blood pressure: mendelian randomisation analysis of two large cohorts,OBJECTIVES: To assess the associations between bot...,True,['abstract'],['body mass index'],True,"['title', 'abstract']",['mendelian randomisation'],True,"['title', 'abstract']","['ischaemic heart disease', 'blood pressure', 'diastolic and systolic blood pressure']",False,[],[],3,True,True,True,False,"Three out of four term categories are present, but there is no mention of European or white ancestry, resulting in a score of 3."
Association of vitamin D status with arterial blood pressure and hypertension risk: a mendelian randomisation study,BACKGROUND: Low plasma 25-hydroxyvitamin D (25[OH]...,False,[],[],True,"['title', 'abstract']",['mendelian randomisation'],True,"['title', 'abstract']","['hypertension', 'blood pressure']",False,[],[],0,False,True,True,False,"Only two term categories (Mendelian randomisation and cardiovascular disease) were present, thus scoring 0 points."
"Nonfasting glucose, ischemic heart disease, and myocardial infarction: a Mendelian randomization study",OBJECTIVES: The purpose of this study was to test ...,False,[],[],True,"['title', 'abstract']",['Mendelian randomization'],True,"['title', 'abstract']","['ischemic heart disease', 'myocardial infarction']",True,['abstract'],"['Copenhagen, Denmark']",3,False,True,True,True,"Three out of the four term categories were present in the document, resulting in a score of 3."
Genetically elevated levels of circulating triglycerides and brachial-ankle pulse wave velocity in a Chinese population,Elevated levels of circulating triglycerides and i...,True,['abstract'],['body mass index (BMI)'],True,['abstract'],['Mendelian randomization'],True,['abstract'],['cardiovascular disease'],False,[],[],3,True,True,True,False,"Three of the four term categories are present, but there is no mention of European or white ancestry, leading to a score of 3."
"Causal Inference for Genetic Obesity, Cardiometabolic Profile and COVID-19 Susceptibility: A Mendelian Randomization Study",BACKGROUND: Cross-sectional observational studies ...,True,['abstract'],['body mass index [BMI]'],True,"['title', 'abstract']","['Mendelian Randomization', 'One-sample MR', 'Two-sample MR']",True,['abstract'],['systolic blood pressure [SBP]'],True,['abstract'],['European'],4,True,True,True,True,"All four term categories are present in the document, thus achieving the highest relevance score."
Epigenome-wide association study identifies DNA methylation sites associated with target organ damage in older African Americans,Target organ damage (TOD) manifests as vascular in...,True,['abstract'],['body mass index'],True,['abstract'],['Mendelian randomization'],True,['abstract'],['hypertension'],False,[],[],3,True,True,True,False,"Three out of the four term categories are present in the abstract, hence a score of 3 is assigned."
"Trans-biobank analysis with 676,000 individuals elucidates the association of polygenic risk scores of complex traits with human lifespan",While polygenic risk scores (PRSs) are poised to b...,True,['abstract'],"['BMI', 'obesity']",True,['abstract'],['Mendelian randomization'],True,['abstract'],['blood pressure'],True,['abstract'],['European'],4,True,True,True,True,"All four term categories are present in the abstract, thus achieving the highest relevance score."
Age- and sex-specific causal effects of adiposity on cardiovascular risk factors,Observational studies have reported different effe...,True,"['title', 'abstract']","['adiposity', 'BMI']",True,['abstract'],['Mendelian randomization'],True,"['title', 'abstract']","['cardiovascular risk factors', 'blood pressure']",False,[],[],3,True,True,True,False,"Three out of the four term categories are present, but there is no mention of European or white ancestry."
"Letter by Gill Regarding Article, ""White Blood Cells and Blood Pressure: A Mendelian Randomization Study""",N/A...,False,[],[],True,['title'],['Mendelian Randomization'],False,[],[],False,[],[],-2,False,True,False,False,"Only one term category (Mendelian randomisation) is present, resulting in a score of -2."
"Relationship between alcohol use, blood pressure and hypertension: an association study and a Mendelian randomisation study",BACKGROUND: Past studies have found a strong relat...,False,[],[],True,"['title', 'abstract']",['Mendelian randomisation'],True,['abstract'],"['blood pressure', 'hypertension']",False,[],[],3,False,True,True,False,"Three term categories (Mendelian randomisation, cardiovascular) are present, but BMI/adiposity and European ancestry are absent."
Mendelian randomization estimates of alanine aminotransferase with cardiovascular disease: Guangzhou Biobank Cohort study,Observational studies of the association of alanin...,True,['abstract'],['body mass index'],True,"['title', 'abstract']","['Mendelian randomization', 'Mendelian randomization']",True,"['title', 'abstract']",['cardiovascular disease'],False,[],[],3,True,True,True,False,"Three out of the four term categories are present, but there is no mention of European or related ancestry terms."
Impact of risk factors for major cardiovascular diseases: a comparison of life-time observational and Mendelian randomisation findings,BACKGROUND: This study compared the strength and c...,True,['abstract'],['Body mass index'],True,"['title', 'abstract']",['Mendelian randomisation'],True,"['title', 'abstract']","['cardiovascular diseases', 'CVD', 'cardiovascular']",False,[],[],3,True,True,True,False,"Three out of the four term categories were present in the document, leading to a score of 3."
"Variation in Normal Range Thyroid Function Affects Serum Cholesterol Levels, Blood Pressure, and Type 2 Diabetes Risk: A Mendelian Randomization Study",Background: Observational studies have demonstrate...,True,['abstract'],['body mass index [BMI]'],True,"['title', 'abstract']","['Mendelian Randomization', 'Mendelian randomization']",True,['abstract'],"['blood pressure', 'hypertension']",False,[],[],3,True,True,True,False,"Three out of four term categories are present, but there is no mention of European or white ancestry, resulting in a score of 3."
Identification of Circulating Proteins Associated With Blood Pressure Using Mendelian Randomization,BACKGROUND: Hypertension is a common modifiable ri...,True,['abstract'],['body mass index'],True,"['title', 'abstract']","['Mendelian Randomization', 'MR']",True,['abstract'],['cardiovascular disease'],False,[],[],3,True,True,True,False,"Three out of the four term categories are present, resulting in a score of 3."
"A UGT1A1 variant is associated with serum total bilirubin levels, which are causal for hypertension in African-ancestry individuals",Serum bilirubin is associated with several clinica...,True,['abstract'],['body mass index'],True,['abstract'],['Mendelian randomization'],True,"['title', 'abstract']",['hypertension'],False,[],[],3,True,True,True,False,"Three of the four term categories are present, but there is no mention of European or white ancestry, leading to a score of 3."
"The relationships of sex hormone-binding globulin, total testosterone, androstenedione and free testosterone with metabolic and reproductive features of polycystic ovary syndrome",OBJECTIVE: A recent Mendelian randomization study ...,True,['abstract'],['BMI'],True,['abstract'],['Mendelian randomization'],True,['abstract'],['systolic and diastolic blood pressure'],False,[],[],3,True,True,True,False,"Three out of the four term categories are present in the abstract, resulting in a score of 3."
Serum uric acid levels and cardiovascular disease: the Gordian knot,Hyperuricemia is defined as serum uric acid level ...,False,[],[],True,['abstract'],['Mendelian randomization'],True,"['title', 'abstract']","['cardiovascular disease', 'cardiovascular risk factors', 'cardiovascular']",False,[],[],3,False,True,True,False,"Three term categories are present: Mendelian randomisation, cardiovascular disease, and hypertension. Adulthood body mass index and European ancestry are not mentioned."
Causal effects of body mass index on cardiometabolic traits and events: a Mendelian randomization analysis,Elevated body mass index (BMI) associates with car...,True,"['title', 'abstract']","['body mass index', 'BMI']",True,"['title', 'abstract']",['Mendelian randomization'],True,['abstract'],['systolic blood pressure'],True,['abstract'],['European-descent'],4,True,True,True,True,"All four term categories are present in the document, thus achieving the highest relevance score."
Uric Acid and Cardiovascular Events: A Mendelian Randomization Study,Obesity and diets rich in uric acid-raising compon...,False,[],[],True,"['title', 'abstract']",['Mendelian randomization'],True,"['title', 'abstract']","['cardiovascular', 'cardiovascular disease', 'cardiovascular death']",False,[],[],3,False,True,True,False,"Three term categories are present: Mendelian randomisation, cardiovascular disease, and their variations. Adulthood body mass index and European ancestry terms are absent."
Association of Cardiovascular Risk Factors and Lifestyle Behaviors With Hypertension: A Mendelian Randomization Study,Hypertension is a major risk factor for cardiovasc...,True,['abstract'],['body mass index'],True,"['title', 'abstract']","['Mendelian Randomization', 'Mendelian randomization']",True,"['title', 'abstract']","['Cardiovascular', 'cardiovascular disease', 'hypertension']",True,['abstract'],['European'],4,True,True,True,True,"All four term categories are present in the document, thus achieving the highest relevance score."
Mendelian randomisation in type 2 diabetes and coronary artery disease,"Type 2 diabetes, coronary artery disease and hyper...",True,['abstract'],['body mass index'],True,"['title', 'abstract']","['Mendelian randomisation', 'Mendelian randomisation (MR)']",True,"['title', 'abstract']","['coronary artery disease', 'hypertension']",False,[],[],3,True,True,True,False,"Three out of the four term categories are present, but there is no mention of European or white ancestry."
Mendelian randomization study of B-type natriuretic peptide and type 2 diabetes: evidence of causal association from population studies,BACKGROUND: Genetic and epidemiological evidence s...,True,['abstract'],['body mass index'],True,"['title', 'abstract']",['Mendelian randomization'],True,['abstract'],"['systolic blood pressure', 'history of hypertension']",False,[],[],3,True,True,True,False,"Three out of the four term categories were present in the document, resulting in a score of 3."
Insulin Response to Oral Glucose and Cardiometabolic Disease: A Mendelian Randomization Study to Assess Potential Causality,Mendelian randomization (MR) suggests that postpra...,True,['abstract'],"['BMI', 'adiposity']",True,"['title', 'abstract']","['Mendelian Randomization', 'Mendelian randomization (MR)']",True,"['title', 'abstract']","['cardiometabolic disease', 'hypertension (HTN)', 'coronary artery disease (CAD)']",True,['abstract'],['people of European descent'],4,True,True,True,True,"All four term categories are present in the document, thus achieving the highest relevance score."
On the Use of the Lasso for Instrumental Variables Estimation with Some Invalid Instruments,We investigate the behavior of the Lasso for selec...,True,['abstract'],['body mass index (BMI)'],True,['abstract'],['Mendelian randomization'],True,['abstract'],['diastolic blood pressure'],True,['abstract'],['UK Biobank'],4,True,True,True,True,"All four term categories are present in the abstract, thus achieving the highest relevance score."
Conventional and Bidirectional Genetic Evidence on Resting Heart Rate and Cardiometabolic Traits,CONTEXT: Observational studies have suggested that...,True,['abstract'],['body mass index'],True,['abstract'],['Mendelian randomization'],True,['abstract'],"['systolic blood pressure', 'diastolic blood pressure']",False,[],[],3,True,True,True,False,"Three out of four term categories are present, but European ancestry is not mentioned."
Causal relationships between obesity and the leading causes of death in women and men,Obesity traits are causally implicated with risk o...,True,['abstract'],['body mass index (BMI)'],True,['abstract'],['Mendelian randomization'],True,['abstract'],"['cardiometabolic diseases', 'coronary artery disease']",False,[],[],3,True,True,True,False,"Three out of four term categories are present, missing only the European ancestry term."
C-reactive protein and its role in metabolic syndrome: mendelian randomisation study,BACKGROUND: Circulating C-reactive protein (CRP) i...,True,['abstract'],['body-mass index (BMI)'],True,"['title', 'abstract']",['mendelian randomisation'],False,[],[],True,['abstract'],['British'],3,True,True,False,True,"Three out of the four term categories are present: BMI/adiposity, Mendelian randomisation, and European ancestry. Cardiovascular disease or related terms are not mentioned."
Common quantitative trait locus downstream of RETN gene identified by genome-wide association study is associated with risk of type 2 diabetes mellitus in Han Chinese: a Mendelian randomization effect,OBJECTIVE: Plasma resistin level is a potential mo...,False,[],[],True,['title'],['Mendelian randomization'],True,['abstract'],['CardioVascular Disease'],False,[],[],0,False,True,True,False,"Only two out of the four term categories were present, resulting in a score of 0."
Effect of Systolic Blood Pressure on Left Ventricular Structure and Function: A Mendelian Randomization Study,We aimed to estimate the effects of a lifelong exp...,True,['abstract'],['body mass index'],True,"['title', 'abstract']",['Mendelian randomization'],True,['abstract'],['cardiovascular disease'],False,[],[],3,True,True,True,False,"Three out of the four term categories were present in the document, leading to a score of 3."
"Searching for the causal effects of body mass index in over 300 000 participants in UK Biobank, using Mendelian randomization",Mendelian randomization (MR) has been used to esti...,True,"['title', 'abstract']","['body mass index', 'BMI']",True,"['title', 'abstract']","['Mendelian randomization', 'Mendelian randomization (MR)']",True,['abstract'],['hypertension'],False,[],[],3,True,True,True,False,"Three out of four term categories are present (BMI/adiposity, Mendelian randomisation, and cardiovascular disease), but there is no mention of European/white/Caucasian ancestry."
Phenome-wide Mendelian-randomization study of genetically determined vitamin D on multiple health outcomes using the UK Biobank study,BACKGROUND: Vitamin D deficiency is highly prevale...,True,['abstract'],['body mass index'],True,"['title', 'abstract']","['Mendelian-randomization', 'Mendelian-randomization', 'Mendelian Randomization']",True,['abstract'],"['systolic blood pressure', 'diastolic blood pressure', 'risk of hypertension']",True,['abstract'],['White British'],4,True,True,True,True,"All four term categories are present in the document, thus achieving the highest relevance score."
Association of serum HDL-cholesterol and apolipoprotein A1 levels with risk of severe SARS-CoV-2 infection,Individuals with features of metabolic syndrome ar...,True,['abstract'],['obesity'],True,['abstract'],['Mendelian randomization'],True,['abstract'],['hypertension'],False,[],[],3,True,True,True,False,"Three out of the four term categories are present in the abstract, resulting in a score of 3."
Excess comorbidities in gout: the causal paradigm and pleiotropic approaches to care,Gout is a common hyperuricaemic metabolic conditio...,True,['abstract'],['adiposity'],True,['abstract'],['Mendelian randomization'],True,['abstract'],['hypertension'],False,[],[],3,True,True,True,False,"Three out of the four term categories were present in the abstract, but there was no mention of European or white ancestry."
Genetic Evidence for Causal Relationships Between Maternal Obesity-Related Traits and Birth Weight,IMPORTANCE: Neonates born to overweight or obese w...,True,['abstract'],"['maternal body mass index (BMI)', 'BMI']",True,['abstract'],['Mendelian randomization'],True,['abstract'],['systolic blood pressure (SBP)'],True,['abstract'],['European ancestry'],4,True,True,True,True,"All four term categories are present in the abstract, thus achieving the highest relevance score."
Understanding the consequences of education inequality on cardiovascular disease: mendelian randomisation study,OBJECTIVES: To investigate the role of body mass i...,True,['abstract'],['body mass index (BMI)'],True,"['title', 'abstract']",['mendelian randomisation'],True,"['title', 'abstract']",['cardiovascular disease'],True,['abstract'],['European ancestry'],4,True,True,True,True,"All four term categories are present in the document, thus achieving the highest relevance score."
"Associations of Visceral Adipose Tissue, Circulating Protein Biomarkers, and Risk of Cardiovascular Diseases: A Mendelian Randomization Analysis",Aim: To evaluate the genetic associations of visce...,True,"['title', 'abstract']",['Visceral Adipose Tissue'],True,"['title', 'abstract']",['Mendelian Randomization'],True,"['title', 'abstract']","['Cardiovascular Diseases', 'CVD', 'cardiovascular disease', 'cardiovascular-related proteins', 'CVD outcomes', 'CVDs']",False,[],[],3,True,True,True,False,"Three out of four term categories are present, but there is no mention of European or white ancestry."
Evaluation of the causal effects between subjective wellbeing and cardiometabolic health: mendelian randomisation study,OBJECTIVES: To investigate whether the association...,True,['abstract'],['body mass index'],True,"['title', 'abstract']",['mendelian randomisation'],True,['abstract'],['cardiovascular'],True,['abstract'],['European ancestry'],4,True,True,True,True,"All four term categories are present in the document, thus achieving the highest relevance score."
Mendelian randomization in family data,"The phrase ""mendelian randomization"" has become as...",True,['abstract'],['body mass index'],True,"['title', 'abstract']","['Mendelian randomization', 'mendelian randomization']",True,['abstract'],['systolic blood pressure'],False,[],[],3,True,True,True,False,"Three out of the four term categories are present in the document, but there is no mention of European or white ancestry."
Plasma Circulating Vitamin C Levels and Risk of Endometrial Cancer: A Bi-Directional Mendelian Randomization Analysis,Background: Observational studies indicated that c...,True,['abstract'],['body mass index (BMI)'],True,"['title', 'abstract']","['Mendelian Randomization', 'Mendelian randomization']",True,['abstract'],['hypertension'],False,[],[],3,True,True,True,False,"Three out of the four term categories were present in the document, leading to a score of 3."
Distinct causal effects of body fat distribution on cardiometabolic traits among children: Findings from the BCAMS study,BACKGROUND AND AIMS: Observational studies reveal ...,True,['abstract'],"['body mass index (BMI)', 'adiposity']",True,['abstract'],['Mendelian randomization'],True,['abstract'],"['systolic blood pressure', 'diastolic blood pressure']",False,[],[],3,True,True,True,False,"Three out of the four term categories are present in the abstract, hence a score of 3 is assigned."
"Remnant cholesterol, low-density lipoprotein cholesterol, and blood pressure as mediators from obesity to ischemic heart disease",RATIONALE: Obesity leads to increased ischemic hea...,True,['abstract'],['body mass index'],True,['abstract'],['Mendelian randomization'],True,"['title', 'abstract']","['blood pressure', 'ischemic heart disease']",False,[],[],3,True,True,True,False,"Three of the four term categories are present (BMI/adiposity, Mendelian randomisation, and cardiovascular disease), but there is no mention of European ancestry."
Exploring the causal pathway from ischemic stroke to atrial fibrillation: a network Mendelian randomization study,BACKGROUND AND PURPOSE: Previous studies have foun...,True,['abstract'],['body mass index'],True,"['title', 'abstract']","['Mendelian randomization', 'network Mendelian randomization', 'Mendelian randomisation']",True,['abstract'],"['blood pressure', 'systolic and diastolic blood pressure']",False,[],[],3,True,True,True,False,"Three of the four term categories are present, but there is no mention of European or white ancestry, resulting in a score of 3."
Lifetime body mass index and later atherosclerosis risk in young adults: examining causal links using Mendelian randomization in the Cardiovascular Risk in Young Finns study,AIMS: Mendelian randomization uses genetic variant...,True,"['title', 'abstract']","['body mass index', 'BMI']",True,"['title', 'abstract']",['Mendelian randomization'],True,['title'],['Cardiovascular'],False,[],[],3,True,True,True,False,"Three out of the four term categories are present, but there is no mention of European or white ancestry."
Disease consequences of higher adiposity uncoupled from its adverse metabolic effects using Mendelian randomisation,Background: Some individuals living with obesity m...,True,"['title', 'abstract']","['higher adiposity', 'adiposity']",True,"['title', 'abstract']",['Mendelian randomisation'],True,['abstract'],"['hypertension', 'coronary artery disease', 'heart failure', 'atrial fibrillation']",False,[],[],3,True,True,True,False,"Three out of four term categories are present, but there is no mention of European or white ancestry."
"Vitamin D, Cardiovascular Disease and Risk Factors",Observational studies have suggested a possible pr...,False,[],[],True,['abstract'],['Mendelian randomization'],True,"['title', 'abstract']","['Cardiovascular Disease', 'cardiovascular disease', 'cardiovascular risk', 'cardiovascular']",False,[],[],3,False,True,True,False,"Three term categories are present: Mendelian randomisation, cardiovascular disease, and related terms. BMI/adiposity and European ancestry terms are absent."
Effects of the Timing of Sex-Steroid Exposure in Adolescence on Adult Health Outcomes,CONTEXT: Variation in pubertal timing is associate...,True,['abstract'],['body mass index'],True,['abstract'],['Mendelian randomization'],True,['abstract'],['blood pressure'],False,[],[],3,True,True,True,False,"Three of the four term categories are present (BMI/adiposity, Mendelian randomisation, and cardiovascular), but there is no mention of European ancestry."
Lipid and metabolic syndrome traits in coronary artery disease: a Mendelian randomization study,Mendelian randomization (MR) of lipid traits in CA...,True,['abstract'],['BMI'],True,"['title', 'abstract']","['Mendelian randomization', 'Mendelian randomization (MR)']",True,['abstract'],['systolic blood pressure (SBP)'],False,[],[],3,True,True,True,False,"Three out of the four term categories are present, but there is no mention of European or white or Caucasian ancestry."
"Association of Smoking, Alcohol Consumption, Blood Pressure, Body Mass Index, and Glycemic Risk Factors With Age-Related Macular Degeneration: A Mendelian Randomization Study",IMPORTANCE: Advanced age-related macular degenerat...,True,"['title', 'abstract']",['Body Mass Index'],True,"['title', 'abstract']",['Mendelian Randomization'],True,['abstract'],['blood pressure'],False,[],[],3,True,True,True,False,"Three out of the four term categories are present, but there is no mention of European or white ancestry, resulting in a score of 3."
Relation of age-related cataract with obesity and obesity genes in an Asian population,Obesity shows an inconsistent association with cat...,True,['abstract'],['body mass index'],True,['abstract'],['mendelian randomization'],True,['abstract'],['hypertension'],False,[],[],3,True,True,True,False,"Three out of the four term categories are present in the abstract, thus scoring 3 points."
Genetically predicted testosterone and cardiovascular risk factors in men: a Mendelian randomization analysis in the Guangzhou Biobank Cohort Study,BACKGROUND: Observationally lower testosterone is ...,True,['abstract'],['body mass index'],True,"['title', 'abstract']",['Mendelian randomization'],True,"['title', 'abstract']","['cardiovascular risk factors', 'cardiovascular disease']",False,[],[],3,True,True,True,False,"Three out of the four term categories are present, but there is no mention of European or related ancestry terms."
Robust inference of bi-directional causal relationships in presence of correlated pleiotropy with GWAS summary data,"To infer a causal relationship between two traits,...",True,['abstract'],['body mass index'],True,['abstract'],['Mendelian randomization'],True,['abstract'],['diastolic blood pressure'],False,[],[],3,True,True,True,False,"Three out of the four term categories are present in the abstract, resulting in a score of 3."
Cardiometabolic traits mediating the effect of education on osteoarthritis risk: a Mendelian randomization study,OBJECTIVE: To investigate which cardiometabolic fa...,True,['abstract'],['BMI'],True,"['title', 'abstract']",['Mendelian randomization'],True,['abstract'],['cardiovascular disease'],False,[],[],3,True,True,True,False,"Three out of four term categories are present, but there is no mention of European or white ancestry, resulting in a score of 3."
"Birth weight, childhood obesity and risk of hypertension: a Mendelian randomization study",PURPOSES: Observational studies indicate that birt...,True,['abstract'],['childhood obesity'],True,"['title', 'abstract']",['Mendelian randomization'],True,"['title', 'abstract']",['hypertension'],True,['abstract'],['UK Biobank'],4,True,True,True,True,"All four term categories are present in the document, with each term found either in the title or abstract."
Shared genetic components between metabolic syndrome and schizophrenia: Genetic correlation using multipopulation data sets,AIM: The genetic relationship between schizophreni...,True,['abstract'],['body mass index'],True,['abstract'],['mendelian randomization'],True,['abstract'],['systolic blood pressure'],True,['abstract'],['European'],4,True,True,True,True,"All four term categories were present in the abstract, thus achieving the highest relevance score."
Factorial Mendelian randomization: using genetic variants to assess interactions,BACKGROUND: Factorial Mendelian randomization is t...,True,['abstract'],['body mass index'],True,"['title', 'abstract']","['Mendelian randomization', 'Factorial Mendelian randomization']",True,['abstract'],['systolic blood pressure'],False,[],[],3,True,True,True,False,"Three of the four term categories are present, but there is no mention of European or white ancestry, resulting in a score of 3."
Is aldehyde dehydrogenase 2 a credible genetic instrument for alcohol use in Mendelian randomization analysis in Southern Chinese men?,BACKGROUND: Mendelian randomization studies provid...,True,['abstract'],['body mass index'],True,"['title', 'abstract']",['Mendelian randomization'],True,['abstract'],['diastolic blood pressure'],False,[],[],3,True,True,True,False,"Three of the four term categories are present in the document, resulting in a score of 3."
"The role of obesity, type 2 diabetes, and metabolic factors in gout: A Mendelian randomization study",Background: Several epidemiological studies have r...,True,['abstract'],"['obesity', 'body mass index (BMI)']",True,"['title', 'abstract']","['Mendelian randomization', 'Mendelian randomization (MR)']",True,['abstract'],"['hypertension', 'systolic blood pressure (SBP)']",True,['abstract'],['European ancestry'],4,True,True,True,True,"All four term categories are present in the document, thus achieving the highest relevance score."
Does high C-reactive protein concentration increase atherosclerosis? The Whitehall II Study,"BACKGROUND: C-reactive protein (CRP), a marker of ...",False,[],[],True,['abstract'],['Mendelian randomization analysis'],False,[],[],True,['title'],['Whitehall'],-2,False,True,False,True,"Only two categories (Mendelian randomisation and European ancestry) were present, resulting in a score of -2."
Obesity and ischemic heart disease: defining the link,N/A...,False,[],[],False,[],[],True,['title'],['ischemic heart disease'],False,[],[],-2,False,False,True,False,"Only one out of the four term categories was present, leading to a score of -2."
Lack of association between modifiable exposures and glioma risk: a Mendelian randomization analysis,BACKGROUND: The etiological basis of glioma is poo...,True,['abstract'],['body mass index'],True,"['title', 'abstract']","['Mendelian randomization', 'Mendelian randomization (MR)']",True,['abstract'],['diastolic and systolic blood pressure'],False,[],[],3,True,True,True,False,"Three out of four term categories are present, hence a score of 3."
A two-sample Mendelian randomization analysis of modifiable risk factors and intracranial aneurysms,We aimed to investigate the causality between pote...,True,['abstract'],['body fat percentage'],True,"['title', 'abstract']",['Mendelian randomization'],True,['abstract'],"['systolic blood pressure', 'hypertension']",False,[],[],3,True,True,True,False,"Three out of the four term categories were present in the document, but there was no mention of European or white ancestry."
Alcohol use and cardiometabolic risk in the UK Biobank: A Mendelian randomization study,Observational studies suggest alcohol use promotes...,True,['abstract'],['BMI'],True,"['title', 'abstract']","['Mendelian randomization', 'Mendelian randomization (MR)']",True,['abstract'],"['systolic blood pressure', 'all cardiovascular disease']",False,[],[],3,True,True,True,False,"Three out of the four term categories are present, missing only the European ancestry category."
Assessment of the Causal Effects of Obstructive Sleep Apnea on Atrial Fibrillation: A Mendelian Randomization Study,BACKGROUND: Obstructive sleep apnea (OSA) and atri...,True,['abstract'],['body mass index (BMI)'],True,"['title', 'abstract']","['Mendelian Randomization', 'Mendelian randomization']",True,['abstract'],['hypertension'],False,[],[],3,True,True,True,False,"Three out of four term categories are present, missing only the European ancestry category."
Validation of external and internal exposome of the findings associated to cerebral small vessel disease: A Mendelian randomization study,The exposome characterizes all environmental expos...,True,['abstract'],['Adiposity'],True,"['title', 'abstract']","['Mendelian randomization', 'mendelian randomization']",True,['abstract'],['hypertension'],False,[],[],3,True,True,True,False,"Three of the four term categories are present (adiposity, Mendelian randomisation, and cardiovascular disease), but there is no mention of European ancestry."
"Causal Factors for Knee, Hip, and Hand Osteoarthritis: A Mendelian Randomization Study in the UK Biobank",OBJECTIVE: There is no curative treatment for oste...,True,['abstract'],['body mass index (BMI)'],True,"['title', 'abstract']","['Mendelian Randomization', 'Mendelian randomization']",True,['abstract'],['systolic blood pressure (BP)'],True,['title'],['UK Biobank'],4,True,True,True,True,"All four term categories are present in the document, thus achieving the highest relevance score."
Associations of Circulating Protein Levels With Lipid Fractions in the General Population,Objective - Revealing patterns of associations bet...,True,['abstract'],['body mass index'],True,['abstract'],['Mendelian randomization'],True,['abstract'],['cardiovascular disease'],True,['abstract'],['European'],4,True,True,True,True,"All four term categories are present in the abstract, thus achieving the highest relevance score."
Exploring the relationship between maternal iron status and offspring's blood pressure and adiposity: a Mendelian randomization study,BACKGROUND: Iron deficiency is the most common mic...,True,"['title', 'abstract']","['adiposity', 'BMI']",True,['title'],['Mendelian randomization'],True,"['title', 'abstract']","['blood pressure', 'BP', 'high blood pressure', 'diastolic BP']",False,[],[],3,True,True,True,False,"Three out of four term categories are present, hence a score of 3."
Genetically predicted 17beta-estradiol and cardiovascular risk factors in women: a Mendelian randomization analysis using young women in Hong Kong and older women in the Guangzhou Biobank Cohort Study,PURPOSE: The role of estrogen in cardiovascular he...,True,['abstract'],['body mass index'],True,"['title', 'abstract']",['Mendelian randomization'],True,"['title', 'abstract']","['cardiovascular disease', 'cardiovascular disease-related risk factor']",False,[],[],3,True,True,True,False,"Three out of the four term categories are present in the document, resulting in a score of 3."
Investigating the causal effect of fibroblast growth factor 23 on osteoporosis and cardiometabolic disorders: A Mendelian randomization study,Pathological excess of fibroblast growth factor 23...,True,['abstract'],['body mass index'],True,"['title', 'abstract']","['Mendelian randomization', 'Mendelian randomization (MR)']",True,['abstract'],['systolic and diastolic blood pressure'],False,[],[],3,True,True,True,False,"Three out of the four term categories were present in the document, resulting in a score of 3."
"Molecular sources of residual cardiovascular risk, clinical signals, and innovative solutions: relationship with subclinical disease, undertreatment, and poor adherence: implications of new evidence upon optimizing cardiovascular patient outcomes","Residual risk, the ongoing appreciable risk of maj...",True,['abstract'],['body weight'],True,['abstract'],['Mendelian randomization'],True,"['title', 'abstract']","['cardiovascular risk', 'cardiovascular disease']",False,[],[],3,True,True,True,False,"Three of the four term categories are present, but there is no mention of European or white or Caucasian ancestry, resulting in a score of 3."
Cardiometabolic Polygenic Risk Scores and Osteoarthritis Outcomes: A Mendelian Randomization Study Using Data From the Malmo Diet and Cancer Study and the UK Biobank,OBJECTIVE: To investigate the causal role of cardi...,True,['abstract'],['body mass index (BMI)'],True,"['title', 'abstract']","['Mendelian Randomization', 'Mendelian randomization']",False,[],[],False,[],[],0,True,True,False,False,"Two term categories were present: BMI/adiposity and Mendelian randomisation, but cardiovascular disease and European ancestry were not mentioned."
Association of cannabis use disorder with cardiovascular diseases: A two-sample Mendelian randomization study,Background: The use of cannabis has increased glob...,True,['abstract'],['body mass index'],True,"['title', 'abstract']","['Mendelian randomization', 'Mendelian randomization (MR)']",True,"['title', 'abstract']","['cardiovascular diseases', 'cardiovascular pathologies', 'cardiovascular diseases']",False,[],[],3,True,True,True,False,"Three out of four term categories are present, leading to a score of 3."
Timing of Pubertal Development and Midlife Blood Pressure in Men and Women: A Mendelian Randomization Study,INTRODUCTION: Observational studies suggest earlie...,True,['abstract'],['body mass index (BMI)'],True,"['title', 'abstract']","['Mendelian Randomization', 'Mendelian randomization']",True,['abstract'],"['systolic BP', 'diastolic BP', 'hypertension']",True,['abstract'],['UK Biobank'],4,True,True,True,True,"All four term categories are present in the document, thus achieving the highest relevance score."
Effect of Cheese Intake on Cardiovascular Diseases and Cardiovascular Biomarkers,BACKGROUND: A growing number of cohort studies rev...,True,['abstract'],['body mass index (BMI)'],True,['abstract'],['Mendelian randomization'],True,"['title', 'abstract']","['Cardiovascular Diseases', 'cardiovascular diseases', 'cardiovascular biomarkers', 'hypertension']",False,[],[],3,True,True,True,False,"Three out of four term categories are present, but there is no mention of European or white ancestry, resulting in a score of 3."
Genetic evidence for a causal relationship between type 2 diabetes and peripheral artery disease in both Europeans and East Asians,BACKGROUND: Observational studies have revealed th...,True,['abstract'],['body mass index'],True,['abstract'],['Mendelian randomization'],False,[],[],True,"['title', 'abstract']","['Europeans', 'European-specific', 'European']",3,True,True,False,True,"Three out of the four required term categories are present in the document, hence a score of 3."
Mendelian randomization analysis does not support causal associations of birth weight with hypertension risk and blood pressure in adulthood,Epidemiology studies suggested that low birthweigh...,False,[],[],True,"['title', 'abstract']",['Mendelian randomization'],True,"['title', 'abstract']","['hypertension', 'blood pressure']",False,[],[],0,False,True,True,False,"Only two out of the four term categories were present, thus the score is 0."
"Genome-Wide Association Analysis of Over 170,000 Individuals from the UK Biobank Identifies Seven Loci Associated with Dietary Approaches to Stop Hypertension (DASH) Diet",Diet is a modifiable risk factor for common chroni...,True,['abstract'],['body mass index (BMI)/obesity'],True,['abstract'],['Mendelian randomisation'],True,['title'],['Hypertension'],True,['title'],['UK Biobank'],4,True,True,True,True,"All four term categories are present in the document, with each term found in either the title or abstract."
A multi-population phenome-wide association study of genetically-predicted height in the Million Veteran Program,BACKGROUND: Height has been associated with many c...,True,['abstract'],['body mass index'],True,"['title', 'abstract']",['Mendelian Randomization'],True,['abstract'],"['hypertension', 'cardiovascular disease']",True,['abstract'],['European-ancestry'],4,True,True,True,True,"All four term categories are present in the document, thus achieving the highest relevance score."
The association between cardiovascular risk factors and major cardiovascular diseases decreases with increasing frailty levels in geriatric outpatients,BACKGROUND: Frailty marks a process of increasing ...,False,[],[],True,['abstract'],['Mendelian randomization'],True,"['title', 'abstract']","['cardiovascular diseases', 'CVD', 'cardiovascular risk factors', 'cardiovascular outcome']",False,[],[],3,False,True,True,False,"Three out of the four term categories are present: Mendelian randomisation, cardiovascular disease, and no terms related to European ancestry or BMI/adiposity were found."
Genetic Determinants of Body Mass Index and Fasting Glucose Are Mediators of Grade 1 Diastolic Dysfunction,Background Early (grade 1) cardiac left ventricula...,True,"['title', 'abstract']","['Body Mass Index', 'BMI']",True,['abstract'],['Mendelian randomization'],True,['abstract'],['hypertension'],True,['abstract'],['European ancestry'],4,True,True,True,True,"All four term categories are present in the document, thus achieving the highest relevance score."
Cardiovascular risk factors and lifestyle behaviours in relation to longevity: a Mendelian randomization study,BACKGROUND: The American Heart Association introdu...,True,['abstract'],['body mass index'],True,"['title', 'abstract']",['Mendelian randomization'],True,"['title', 'abstract']","['Cardiovascular risk factors', 'cardiovascular health']",False,[],[],3,True,True,True,False,"Three of the four term categories are present in the document, but there is no mention of European or white ancestry, resulting in a score of 3."
Mendelian Randomization Analyses Suggest Childhood Body Size Indirectly Influences End Points From Across the Cardiovascular Disease Spectrum Through Adult Body Size,Background Obesity is associated with long-term he...,True,"['title', 'abstract']",['adult body size'],True,"['title', 'abstract']",['Mendelian randomization'],True,"['title', 'abstract']",['cardiovascular disease'],False,[],[],3,True,True,True,False,"Three out of the four term categories are present, but there is no mention of European or white ancestry."
Maternal Hypertension Increases Risk of Preeclampsia and Low Fetal Birthweight: Genetic Evidence From a Mendelian Randomization Study,BACKGROUND: Maternal cardiovascular risk factors h...,True,['abstract'],['body mass index'],True,"['title', 'abstract']",['Mendelian Randomization'],True,"['title', 'abstract']","['Hypertension', 'systolic blood pressure']",True,['abstract'],['European ancestry'],4,True,True,True,True,"All four term categories are present in the document, thus achieving the highest relevance score."
"MR-PheWAS: hypothesis prioritization among potential causal effects of body mass index on many outcomes, using Mendelian randomization",Observational cohort studies can provide rich data...,True,"['title', 'abstract']","['body mass index', 'BMI']",True,['title'],['Mendelian randomization'],True,['abstract'],['blood pressure'],False,[],[],3,True,True,True,False,"Three out of the four term categories are present in the document, resulting in a score of 3."
Causal Effects of Overall and Abdominal Obesity on Insulin Resistance and the Risk of Type 2 Diabetes Mellitus: A Two-Sample Mendelian Randomization Study,Overall and abdominal obesity were significantly a...,True,['abstract'],['body mass index (BMI)'],True,"['title', 'abstract']","['Mendelian Randomization', 'Mendelian randomization']",False,[],[],False,[],[],0,True,True,False,False,"Only two term categories (bmi_adiposity and mendelian_randomisation) were present, hence the score is 0."
Trans-ethnic Mendelian-randomization study reveals causal relationships between cardiometabolic factors and chronic kidney disease,BACKGROUND: This study was to systematically test ...,True,['abstract'],['body mass index (BMI)'],True,"['title', 'abstract']","['Mendelian-randomization', 'Mendelian randomization']",True,['abstract'],"['hypertension', 'systolic blood pressure']",True,['abstract'],"['European ancestry', 'Europeans']",4,True,True,True,True,"All four term categories are present in the document, thus achieving the highest relevance score."
Appraising the Effect of Potential Risk Factors on Thyroid Cancer: A Mendelian Randomization Study,CONTEXT: Various risk factors have been associated...,False,[],[],True,"['title', 'abstract']","['Mendelian Randomization', 'Mendelian randomization']",True,['abstract'],['diastolic blood pressure'],False,[],[],3,False,True,True,False,"Three term categories are present: Mendelian randomisation and cardiovascular disease terms are found in the text, but no terms related to BMI/adiposity or European ancestry are mentioned."
Blood pressure and risk of cancer: a Mendelian randomization study,BACKGROUND: Previous large observational cohort st...,True,['abstract'],['body mass index'],True,"['title', 'abstract']",['Mendelian randomization'],False,[],[],True,['abstract'],['UK Biobank'],3,True,True,False,True,"Three out of the four term categories are present, but cardiovascular disease terms are absent."
"Roles of Cardiometabolic Factors in Mediating the Causal Effect of Type 2 Diabetes on Cardiovascular Diseases: A Two-Step, Two-Sample Multivariable Mendelian Randomization Study",Objective: The objective of this study is to inves...,True,['abstract'],['body mass index'],True,"['title', 'abstract']","['Mendelian Randomization', 'multivariable Mendelian randomization']",True,"['title', 'abstract']","['Cardiovascular Diseases', 'cardiovascular disease', 'CVD']",False,[],[],3,True,True,True,False,"Three of the four term categories were present in the document, but there was no mention of European or white ancestry, resulting in a score of 3."
Accelerated MRI-predicted brain ageing and its associations with cardiometabolic and brain disorders,Brain structure in later life reflects both influe...,True,['abstract'],['body mass index'],False,[],[],True,['abstract'],['increased diastolic blood pressure'],False,[],[],0,True,False,True,False,"Two out of the four term categories were identified in the abstract, resulting in a score of 0."
Association between alcohol and cardiovascular disease: Mendelian randomisation analysis based on individual participant data,OBJECTIVE: To use the rs1229984 variant in the alc...,True,['abstract'],['body mass index'],True,"['title', 'abstract']",['Mendelian randomisation'],True,"['title', 'abstract']","['cardiovascular disease', 'systolic blood pressure']",True,['abstract'],['European descent'],4,True,True,True,True,"All four term categories are present in the document, thus achieving the highest relevance score."
The Association of Obstructive Sleep Apnea With Breast Cancer Incidence and Mortality: A Systematic Review and Meta-analysis,PURPOSE: Emerging evidence from animal models sugg...,False,[],[],True,['abstract'],['Mendelian randomization'],True,['abstract'],['hypertension'],False,[],[],0,False,True,True,False,"Only two out of the four term categories were present, resulting in a score of 0."
Causal associations of tobacco smoking with cardiovascular risk factors: a Mendelian randomization analysis of the HUNT Study in Norway,BACKGROUND: Tobacco smoking has been associated wi...,True,['abstract'],['body mass index (BMI)'],True,"['title', 'abstract']",['Mendelian randomization'],True,"['title', 'abstract']","['cardiovascular risk factors', 'lower systolic blood pressure']",False,[],[],3,True,True,True,False,"Three out of the four term categories are present in the document, hence a score of 3 is assigned."
"Blood Eosinophil Count and Metabolic, Cardiac and Pulmonary Outcomes: A Mendelian Randomization Study",Blood eosinophil count is associated with a variet...,False,[],[],True,"['title', 'abstract']","['Mendelian Randomization', 'Mendelian randomization']",True,['abstract'],['cardiac'],False,[],[],0,False,True,True,False,"Two of the four term categories were present, resulting in a score of 0."
Risk of lower respiratory tract infections: a genome-wide association study with Mendelian randomization analysis in three independent European populations,OBJECTIVE: Lower respiratory tract infections (LRT...,True,['abstract'],['body mass index'],True,"['title', 'abstract']",['Mendelian randomization'],True,['abstract'],"['systolic blood pressure', 'hypertension']",True,['title'],['European'],4,True,True,True,True,"All four term categories are present in the document, thus achieving the highest relevance score."
Associations of genetically predicted IL-6 signaling with cardiovascular disease risk across population subgroups,BACKGROUND: Interleukin 6 (IL-6) signaling is bein...,True,['abstract'],['body mass index'],True,['abstract'],['Mendelian randomization'],True,"['title', 'abstract']","['cardiovascular disease', 'CVD']",True,['abstract'],['White British'],4,True,True,True,True,"All four term categories are present in the document, thus achieving the highest relevance score."
Genetically predicted higher educational attainment decreases the risk of stroke: a multivariable Mendelian randomization study,BACKGROUND: The causal association between educati...,True,['abstract'],['body mass index (BMI)'],True,"['title', 'abstract']","['Mendelian randomization', 'mendelian randomization']",True,['abstract'],['hypertension'],True,['abstract'],['European descent'],4,True,True,True,True,"All four term categories are present in the document, with each term found in the specified locations, thus achieving the maximum relevance score."
Genetically determined intelligence and coronary artery disease risk,BACKGROUND: Epidemiological studies have shown inv...,True,['abstract'],['BMI'],True,['abstract'],['Mendelian randomization'],True,"['title', 'abstract']","['coronary artery disease', 'CAD', 'hypertension']",False,[],[],3,True,True,True,False,"Three of the four term categories are present, but there is no mention of European or white ancestry, resulting in a score of 3."
"Relative Deprivation, Income Inequality, and Cardiovascular Health: Observational and Mendelian Randomization Studies in Hong Kong Chinese",The associations between absolute vs. relative inc...,True,['abstract'],['body mass index (BMI)'],True,"['title', 'abstract']","['Mendelian Randomization', 'Mendelian Randomization (MR)']",True,"['title', 'abstract']","['Cardiovascular Health', 'cardiovascular disease (CVD)', 'CVD risk', 'self-reported CVD']",False,[],[],3,True,True,True,False,"Three term categories are present (BMI/adiposity, Mendelian randomisation, cardiovascular disease), but there is no mention of European ancestry."
Does greater adiposity increase blood pressure and hypertension risk?: Mendelian randomization using the FTO/MC4R genotype,Elevated blood pressure increases the risk of expe...,True,"['title', 'abstract']","['adiposity', 'body mass index', 'body mass index/adiposity', 'body mass index']",True,['title'],['Mendelian randomization'],True,['abstract'],['cardiovascular'],False,[],[],3,True,True,True,False,"Three out of the four term categories are present, but there is no mention of European or white ancestry, resulting in a score of 3."
Genome-wide association and Mendelian randomisation analysis provide insights into the pathogenesis of heart failure,Heart failure (HF) is a leading cause of morbidity...,True,['abstract'],['body mass index'],True,"['title', 'abstract']",['Mendelian randomisation'],True,['abstract'],['hypertension'],False,[],[],3,True,True,True,False,"Three out of the four term categories are present in the text, but there is no mention of European or white or Caucasian ancestry."
Association between bilirubin and cardiovascular disease risk factors: using Mendelian randomization to assess causal inference,BACKGROUND: Elevated serum bilirubin has been asso...,True,['abstract'],['body mass index'],True,"['title', 'abstract']",['Mendelian randomization'],True,"['title', 'abstract']","['cardiovascular disease', 'CVD']",False,[],[],3,True,True,True,False,"Three out of four term categories are present, but there is no mention of European or white ancestry, resulting in a score of 3."
Association between adiposity and cardiovascular outcomes: an umbrella review and meta-analysis of observational and Mendelian randomization studies,AIMS: The aim of this study was to investigate the...,True,"['title', 'abstract']","['adiposity', 'body mass index (BMI)']",True,"['title', 'abstract']","['Mendelian randomization', 'Mendelian randomization (MR)']",True,"['title', 'abstract']","['cardiovascular outcomes', 'cardiovascular disease (CVD)', 'CVD risk', 'CVD-specific mortality']",True,['abstract'],['European Society of Cardiology'],4,True,True,True,True,"All four term categories are present in the document, which results in the highest relevance score."
Cognitive ability and physical health: a Mendelian randomization study,Causes of the association between cognitive abilit...,True,['abstract'],['BMI'],True,"['title', 'abstract']",['Mendelian randomization'],True,['abstract'],"['systolic blood pressure', 'coronary artery disease']",False,[],[],3,True,True,True,False,"Three out of the four term categories were present in the document, leading to a score of 3."
Genetic determinants of daytime napping and effects on cardiometabolic health,"Daytime napping is a common, heritable behavior, b...",False,[],[],True,['abstract'],['Mendelian randomization'],True,['abstract'],['higher blood pressure'],True,['abstract'],['UK Biobank'],3,False,True,True,True,"Three out of the four term categories are present, resulting in a score of 3."
"Avoiding dynastic, assortative mating, and population stratification biases in Mendelian randomization through within-family analyses",Estimates from Mendelian randomization studies of ...,True,['abstract'],['lower BMI'],True,"['title', 'abstract']",['Mendelian randomization'],True,['abstract'],['high blood pressure'],False,[],[],3,True,True,True,False,"Three out of the four term categories were present in the document, resulting in a score of 3."
From the Editor,N/A...,False,[],[],False,[],[],False,[],[],False,[],[],-4,False,False,False,False,None of the specified term categories are present in the title or abstract.
Multiple genetic variants explain measurable variance in type 2 diabetes-related traits in Pakistanis,AIMS/HYPOTHESIS: Multiple genetic variants are ass...,True,['abstract'],['BMI'],True,['abstract'],['Mendelian randomisation'],True,['abstract'],"['systolic blood pressure', 'diastolic blood pressure']",True,['abstract'],['Europeans'],4,True,True,True,True,"All four term categories are present in the abstract, thus achieving the highest relevance score."
Genetically Predicted Obesity Causally Increased the Risk of Hypertension Disorders in Pregnancy,Aims: This study aimed to evaluate the causal asso...,True,"['title', 'abstract']",['obesity'],True,['abstract'],['Mendelian randomization'],True,"['title', 'abstract']",['hypertension disorders'],False,[],[],3,True,True,True,False,"Three out of four term categories are present, but there is no mention of European or white ancestry."
"Adult height, coronary heart disease and stroke: a multi-locus Mendelian randomization meta-analysis",Background: We investigated causal effect of compl...,True,['abstract'],['body mass index'],True,"['title', 'abstract']",['Mendelian randomization'],True,"['title', 'abstract']","['coronary heart disease', 'stroke', 'systolic blood pressure']",False,[],[],3,True,True,True,False,"Three out of the four term categories were present in the document, resulting in a score of 3."
Correcting the Standard Errors of 2-Stage Residual Inclusion Estimators for Mendelian Randomization Studies,Mendelian randomization studies use genotypes as i...,False,[],[],True,"['title', 'abstract']","['Mendelian Randomization', 'Mendelian randomization']",False,[],[],False,[],[],-2,False,True,False,False,"Only one term category (Mendelian randomisation) is present, resulting in a score of -2."
Novel loci for childhood body mass index and shared heritability with adult cardiometabolic traits,The genetic background of childhood body mass inde...,True,"['title', 'abstract']","['body mass index', 'BMI', 'adult BMI']",False,[],[],True,['abstract'],['cardio-metabolic diseases'],False,[],[],0,True,False,True,False,"Two out of the four term categories were identified in the document, resulting in a score of 0."
Comprehensive Investigation of Circulating Biomarkers and Their Causal Role in Atherosclerosis-Related Risk Factors and Clinical Events,BACKGROUND: Circulating biomarkers have been previ...,True,['abstract'],['body mass index'],True,['abstract'],['Mendelian randomization'],True,['abstract'],"['systolic blood pressure', 'hypertension']",True,['abstract'],['UK Biobank'],4,True,True,True,True,"All four term categories are present in the abstract, thus achieving the highest relevance score."
Epigenetic loci for blood pressure are associated with hypertensive target organ damage in older African Americans from the genetic epidemiology network of Arteriopathy (GENOA) study,BACKGROUND: Hypertension is a major modifiable ris...,True,['abstract'],['BMI'],True,['abstract'],['Mendelian randomization'],True,['abstract'],['hypertension'],False,[],[],3,True,True,True,False,"Three out of the four term categories are present in the abstract, resulting in a score of 3."
Mendelian Randomization Study of Obesity and Cerebrovascular Disease,OBJECTIVE: To systematically investigate causal re...,True,['abstract'],['body mass index (BMI)'],True,"['title', 'abstract']","['Mendelian Randomization', 'Mendelian randomization']",False,[],[],False,[],[],-2,True,True,False,False,"Only two term categories (bmi_adiposity and mendelian_randomisation) were present, resulting in a score of -2."
Detecting and correcting for bias in Mendelian randomization analyses using Gene-by-Environment interactions,BACKGROUND: Mendelian randomization (MR) has devel...,True,['abstract'],"['body mass index (BMI)', 'adiposity']",True,"['title', 'abstract']","['Mendelian randomization', 'Mendelian randomization (MR)']",True,['abstract'],['systolic blood pressure (SBP)'],True,['abstract'],['UK Biobank'],4,True,True,True,True,"All four term categories are present in the document, with each term found in the abstract or title, thus achieving the maximum relevance score."
Comorbidities in gout and hyperuricemia: causality or epiphenomena?,PURPOSE OF REVIEW: To review advances in the under...,True,['abstract'],['BMI'],True,['abstract'],['Mendelian randomization'],True,['abstract'],"['cardiovascular disease', 'hypertension']",False,[],[],3,True,True,True,False,"Three out of four term categories are present, but there is no mention of European or white ancestry."
Body mass index and body composition in relation to 14 cardiovascular conditions in UK Biobank: a Mendelian randomization study,AIMS: The causal role of adiposity for several car...,True,"['title', 'abstract']","['Body mass index', 'adiposity', 'BMI']",True,"['title', 'abstract']",['Mendelian randomization'],True,"['title', 'abstract']","['cardiovascular conditions', 'cardiovascular diseases', 'CVDs', 'arterial hypertension']",False,[],[],3,True,True,True,False,"Three out of the four term categories are present in the document, hence the score is 3."
Vitamin D and heart failure: A two-sample mendelian randomization study,BACKGROUND AND AIMS: The relationship between vita...,True,['abstract'],['BMI'],True,"['title', 'abstract']","['mendelian randomization', 'Mendelian randomization']",True,"['title', 'abstract']","['heart failure', 'HF']",False,[],[],3,True,True,True,False,"Three out of the four term categories were present in the document, leading to a score of 3."
Association of genetically predicted blood sucrose with coronary heart disease and its risk factors in Mendelian randomization,We assessed the associations of genetically instru...,True,['abstract'],['adiposity'],True,"['title', 'abstract']",['Mendelian randomization'],True,"['title', 'abstract']","['coronary heart disease', 'blood pressure']",False,[],[],3,True,True,True,False,"Three out of the four term categories were present in the document, but there was no mention of European or white ancestry."
A genetic risk score for fasting plasma glucose is independently associated with arterial stiffness: a Mendelian randomization study,BACKGROUND: Arterial stiffness is known to be asso...,False,[],[],True,['title'],['Mendelian randomization'],True,['abstract'],['hypertension'],False,[],[],0,False,True,True,False,"Only two term categories (Mendelian randomisation and cardiovascular disease) were present, resulting in a score of 0."
Nonalcoholic fatty liver disease or metabolic dysfunction-associated fatty liver disease diagnoses and cardiovascular diseases: From epidemiology to drug approaches,BACKGROUND: A consensus of experts has proposed to...,True,['abstract'],['obesity'],True,['abstract'],['Mendelian randomization'],True,"['title', 'abstract']","['cardiovascular diseases', 'CVD', 'CVDs', 'CVD risk']",False,[],[],3,True,True,True,False,"Three out of the four term categories are present in the document, hence a score of 3 is assigned."
Alcohol consumption and cognitive impairment in older men: a mendelian randomization study,OBJECTIVE: To determine whether alcohol consumptio...,True,['abstract'],['body mass index'],True,"['title', 'abstract']",['mendelian randomization'],True,['abstract'],['cardiovascular diseases'],False,[],[],3,True,True,True,False,"Three out of the four term categories are present, hence a score of 3."
Risk factors for type 2 diabetes mellitus: An exposure-wide umbrella review of meta-analyses,BACKGROUND: Type 2 diabetes mellitus (T2DM) is a g...,True,['abstract'],['Adiposity'],True,['abstract'],['Mendelian randomization'],True,['abstract'],['high systolic blood pressure'],False,[],[],3,True,True,True,False,"Three out of four term categories are present, missing only the European ancestry category."
"Cardiometabolic, Lifestyle, and Nutritional Factors in Relation to Varicose Veins: A Mendelian Randomization Study",Background We conducted a 2-sample Mendelian rando...,True,['abstract'],['body mass index'],True,"['title', 'abstract']","['Mendelian Randomization', 'Mendelian randomization']",True,['abstract'],"['systolic blood pressure', 'diastolic blood pressure']",True,['abstract'],['UK Biobank'],4,True,True,True,True,"All four term categories are present in the document, thus achieving the highest relevance score."
Type 2 diabetes mellitus increases risk of erectile dysfunction independent of obesity and dyslipidemia: A Mendelian randomization study,BACKGROUND: The causal effects of individual risk ...,True,['abstract'],['body mass index (BMI)'],True,"['title', 'abstract']","['Mendelian randomization', 'Mendelian randomization (MR)']",False,[],[],True,['abstract'],['Europeans'],3,True,True,False,True,"Three out of the four term categories were present in the document, hence a score of 3."
Influence of puberty timing on adiposity and cardiometabolic traits: A Mendelian randomisation study,BACKGROUND: Earlier puberty is widely linked with ...,True,"['title', 'abstract']","['adiposity', 'body mass index (BMI)']",True,"['title', 'abstract']",['Mendelian randomisation'],True,['abstract'],"['cardiometabolic traits', 'blood pressure', 'cardiometabolic disease']",True,['abstract'],['white-European'],4,True,True,True,True,"All four term categories are present in the document, thus achieving the highest relevance score."
Excessive alcohol consumption increases mortality in later life: a genetic analysis of the health in men cohort study,We designed this cohort study of men aged 70-89 ye...,True,['abstract'],['body mass index'],False,[],[],True,['abstract'],['hypertension'],False,[],[],0,True,False,True,False,"Two term categories (bmi_adiposity and cardiovascular) were identified in the abstract, while mendelian_randomisation and european_ancestry were not found in either the title or abstract."
Deciphering the Plasma Proteome of Type 2 Diabetes,With an estimated prevalence of 463 million affect...,True,['abstract'],['BMI'],True,['abstract'],['Mendelian randomization'],True,['abstract'],['cardiovascular disease'],False,[],[],3,True,True,True,False,"Three out of four term categories are present, hence the score is 3."
New strategies for the development of lipid-lowering therapies to reduce cardiovascular risk,The very high occurrence of cardiovascular events ...,False,[],[],True,['abstract'],['Mendelian randomization'],True,"['title', 'abstract']","['cardiovascular risk', 'cardiovascular events', 'cardiovascular']",True,['abstract'],['European'],3,False,True,True,True,"Three of the four term categories are present, resulting in a score of 3."
Genetically modulated educational attainment and coronary disease risk,AIMS: Genetic disposition and lifestyle factors ar...,True,['abstract'],['body mass index (BMI)'],True,['abstract'],['Mendelian randomization'],True,['abstract'],['hypertension'],True,['abstract'],['European Society of Cardiology'],4,True,True,True,True,"All four term categories are present in the abstract, thus achieving the highest relevance score."
Cardiometabolic risks of SARS-CoV-2 hospitalization using Mendelian Randomization,Many cardiometabolic conditions have demonstrated ...,True,['abstract'],['BMI'],True,"['title', 'abstract']","['Mendelian Randomization', 'Mendelian Randomization (MR)']",True,['abstract'],['diastolic and systolic blood pressure'],True,['abstract'],['European'],4,True,True,True,True,"All four term categories are present in the document, thus achieving the highest relevance score."
Causal association between adiposity and cardiovascular disease,N/A...,True,['title'],['adiposity'],False,[],[],True,['title'],['cardiovascular disease'],False,[],[],0,True,False,True,False,"Two term categories (adiposity and cardiovascular disease) are present, but Mendelian randomisation and European ancestry are absent."
Mendelian randomization provides support for obesity as a risk factor for meningioma,Little is known about the causes of meningioma. Ob...,True,['abstract'],['body mass index'],True,"['title', 'abstract']","['Mendelian randomization', 'Mendelian randomization (MR)']",True,['abstract'],"['diastolic blood pressure', 'systolic blood pressure']",False,[],[],3,True,True,True,False,"Three out of four term categories are present, but there is no mention of European or white ancestry."
Semiparametric methods for estimation of a nonlinear exposure-outcome relationship using instrumental variables with application to Mendelian randomization,"Mendelian randomization, the use of genetic varian...",True,['abstract'],['body mass index'],True,"['title', 'abstract']",['Mendelian randomization'],True,['abstract'],"['systolic blood pressure', 'diastolic blood pressure']",False,[],[],3,True,True,True,False,"Three out of the four term categories are present in the document, hence a score of 3."
Midlife vascular risk factors and risk of incident dementia: Longitudinal cohort and Mendelian randomization analyses in the UK Biobank,INTRODUCTION: Midlife clustering of vascular risk ...,True,['abstract'],['body mass index'],True,"['title', 'abstract']",['Mendelian randomization'],True,['abstract'],['blood pressure'],False,[],[],3,True,True,True,False,"Three of the four term categories were present in the document, but there was no mention of European or white ancestry, resulting in a score of 3."
Contribution of genetics to visceral adiposity and its relation to cardiovascular and metabolic disease,Visceral adipose tissue (VAT)-fat stored around th...,True,"['title', 'abstract']",['visceral adiposity'],True,['abstract'],['Mendelian randomization'],True,"['title', 'abstract']",['cardiovascular'],True,['abstract'],['Caucasian'],4,True,True,True,True,"All four term categories are present in the document, thus achieving the highest relevance score."
Causal inference for heritable phenotypic risk factors using heterogeneous genetic instruments,Over a decade of genome-wide association studies (...,True,['abstract'],['body mass index'],True,['abstract'],['Mendelian Randomization'],True,['abstract'],['systolic blood pressure'],False,[],[],3,True,True,True,False,"Three out of the four term categories are present in the abstract, but there is no mention of European or white ancestry."
"Urinary Albumin, Sodium, and Potassium and Cardiovascular Outcomes in the UK Biobank: Observational and Mendelian Randomization Analyses",Urinary biomarkers are associated with cardiovascu...,True,['abstract'],['adiposity-related measures'],True,"['title', 'abstract']",['Mendelian Randomization'],True,"['title', 'abstract']","['cardiovascular disease', 'cardiovascular risk factors', 'cardiovascular outcomes']",True,['title'],['UK Biobank'],4,True,True,True,True,"All four term categories are present in the document, thus achieving the highest relevance score."
Associations between Potentially Modifiable Risk Factors and Alzheimer Disease: A Mendelian Randomization Study,BACKGROUND: Potentially modifiable risk factors in...,True,['abstract'],['body mass index (BMI)'],True,"['title', 'abstract']","['Mendelian Randomization', 'Mendelian randomization']",True,['abstract'],"['systolic blood pressure', 'higher SBP']",False,[],[],3,True,True,True,False,"Three of the four term categories are present (BMI/adiposity, Mendelian randomisation, and cardiovascular disease terms), but there is no mention of European or white ancestry, leading to a score of 3."
Duration of obesity exposure between ages 10 and 40 years and its relationship with cardiometabolic disease risk factors: A cohort study,BACKGROUND: Individuals with obesity do not repres...,True,['abstract'],['body mass index (BMI)'],True,['abstract'],['mendelian randomization'],True,['abstract'],['cardiometabolic disease risk factors'],True,['abstract'],['white British'],4,True,True,True,True,"All four term categories are present in the abstract, thus achieving the highest relevance score."
Assessment of causality between modifiable factors and heart failure: A Mendelian randomization analysis,BACKGROUND AND OBJECTIVES: Observational studies h...,True,['abstract'],['adiposity'],True,"['title', 'abstract']","['Mendelian randomization', 'Mendelian randomization']",True,['abstract'],['systolic blood pressure'],False,[],[],3,True,True,True,False,"Three out of the four term categories are present, hence a score of 3 is assigned."
The causal effect of vitamin D binding protein (DBP) levels on calcemic and cardiometabolic diseases: a Mendelian randomization study,BACKGROUND: Observational studies have shown that ...,True,['abstract'],['body mass index (BMI)'],True,"['title', 'abstract']",['Mendelian randomization'],True,['abstract'],"['hypertension', 'coronary artery disease']",False,[],[],3,True,True,True,False,"Three out of four term categories are present, but there is no mention of European or white or Caucasian ancestry."
Mendelian randomization studies in coronary artery disease,Epidemiological research over the last 50 years ha...,False,[],[],True,"['title', 'abstract']","['Mendelian randomization', 'Mendelian randomization (MR)']",True,['abstract'],['hypertension'],True,['abstract'],['European Society of Cardiology'],3,False,True,True,True,"Three out of the four term categories are present, resulting in a score of 3."
Diabetes and branched-chain amino acids: What is the link?,Branched-chain amino acids (BCAA) have increasingl...,True,['abstract'],['obesity'],True,['abstract'],['A Mendelian randomization study'],True,['abstract'],"['cardiovascular disease', 'hypertension']",True,['abstract'],['Caucasian'],4,True,True,True,True,"All four term categories are present in the abstract, thus achieving the highest relevance score."
Feasibility of a Risk-Based Approach to Cataract Surgery Preoperative Medical Evaluation,"IMPORTANCE: In 2019, the US Centers for Medicare &...",False,[],[],False,[],[],False,[],[],False,[],[],-4,False,False,False,False,"None of the specified terms related to BMI/adiposity, Mendelian randomisation, cardiovascular disease, or European ancestry were found in the title or abstract."
The causal effects of health conditions and risk factors on social and socioeconomic outcomes: Mendelian randomization in UK Biobank,BACKGROUND: We aimed to estimate the causal effect...,True,['abstract'],['body mass index (BMI)'],True,"['title', 'abstract']",['Mendelian randomization'],True,['abstract'],['systolic blood pressure'],True,['abstract'],['White British ancestry'],4,True,True,True,True,"All four term categories are present in the document, thus achieving the highest relevance score."
